,pl_name,hostname,discoverymethod,pl_controv_flag,pl_orbper,pl_orbsmax,pl_radj,pl_bmassj,pl_orbeccen,pl_orbincl,pl_tranmid,ttv_flag,pl_rvamp,st_spectype,st_rad,st_mass,rastr,ra,decstr,dec,sy_dist,sy_plx,sy_gaiamag,Rhomax
0,11 Com b,11 Com,Radial Velocity,0,326.03,1.29,1.08,19.4,0.231,,,0,302.8,G8 III,19.0,2.7,12h20m42.91s,185.1787793,+17d47m35.71s,17.7932516,93.1846,10.7104,4.44038,95.01811955687509
1,11 UMi b,11 UMi,Radial Velocity,0,516.21997,1.53,1.09,14.74,0.08,,,0,189.7,K4 III,29.79,2.78,15h17m05.90s,229.2745954,+71d49m26.19s,71.8239428,125.321,7.95388,4.56216,71.51877630630675
3,14 Her b,14 Her,Radial Velocity,0,1773.40002,2.93,1.15,4.66,0.37,,2456834.4,0,90.0,K0 V,0.93,0.9,16h10m24.50s,242.6021014,+43d48m58.90s,43.8163621,17.9323,55.7363,6.383,763.0375475176336
4,16 Cyg B b,16 Cyg B,Radial Velocity,0,798.5,1.66,1.2,1.78,0.68,,2456937.32,0,50.5,G3 V,1.13,1.08,19h41m51.75s,295.4656422,+50d31m00.57s,50.5168243,21.1397,47.2754,6.06428,128.61999257981225
5,17 Sco b,17 Sco,Radial Velocity,0,578.38,1.45,1.15,4.32,0.06,,,0,92.4,K3 III,25.92,1.22,16h13m50.90s,243.4620874,-11d50m16.05s,-11.8377905,124.953,7.9805,4.75429,39.26983532022048
6,18 Del b,18 Del,Radial Velocity,0,993.3,2.6,1.11,10.3,0.08,,,0,119.4,G6 III,8.5,2.3,20h58m25.88s,314.6078375,+10d50m20.90s,10.8391378,76.222,13.0922,5.27476,144.23759077038994
10,30 Ari B b,30 Ari B,Radial Velocity,0,335.10001,0.99,1.1,13.82,0.29,,,0,272.0,F6 V,1.41,1.93,02h36m57.91s,39.2412736,+24d38m52.84s,24.6480103,44.657,22.3641,6.96085,179.93529048401314
11,4 UMa b,4 UMa,Radial Velocity,0,269.3,0.87,1.13,7.1,0.432,,,0,215.55,K1 III,18.11,1.23,08h40m12.67s,130.0528099,+64d19m40.98s,64.3280504,73.4603,13.5901,4.23773,65.59131447940013
12,42 Dra b,42 Dra,Radial Velocity,0,479.1,1.19,1.16,3.88,0.38,,,0,110.5,K1.5 III,22.03,0.98,18h25m59.40s,276.4975053,+65d33m48.11s,65.5633652,90.6545,11.0061,4.43216,49.6206111498775
13,47 UMa b,47 UMa,Radial Velocity,0,1078.0,2.1,1.18,2.53,0.032,,2454415.6,0,48.4,G0 V,1.21,1.06,10h59m27.54s,164.8647611,+40d25m49.78s,40.4304931,13.7967,72.4528,4.87837,346.4498101032484
14,47 UMa c,47 UMa,Radial Velocity,0,2391.0,3.6,1.27,0.54,0.098,,2455651.0,0,8.0,G1 V,1.21,1.06,10h59m27.54s,164.8647611,+40d25m49.78s,40.4304931,13.7967,72.4528,4.87837,125.76337468050167
15,47 UMa d,47 UMa,Radial Velocity,0,14002.0,11.6,1.2,1.64,0.16,,2451820.0,0,13.8,G0V,1.21,1.06,10h59m27.54s,164.8647611,+40d25m49.78s,40.4304931,13.7967,72.4528,4.87837,1240.922391693385
19,55 Cnc d,55 Cnc,Radial Velocity,0,5574.2,5.957,1.16,3.878,0.13,89.73,2455790.0,0,38.6,G8 V,0.94,0.91,08h52m35.24s,133.1468373,+28d19m47.34s,28.3298154,12.5855,79.4274,5.72973,1927.1600160444323
22,6 Lyn b,6 Lyn,Radial Velocity,0,934.3,2.11,1.19,2.01,0.073,,,0,32.8,K0 IV,5.2,1.44,06h30m47.05s,97.6960311,+58d09m40.23s,58.1611753,54.6599,18.2668,5.60686,51.486829734351105
26,7 CMa b,7 CMa,Radial Velocity,0,735.1,1.758,1.2,1.85,0.06,90.0,,0,34.3,K1 III,4.87,1.34,06h36m41.11s,99.171276,-19d15m22.25s,-19.2561808,19.8101,50.4571,3.67853,116.91385933526867
27,7 CMa c,7 CMa,Radial Velocity,0,996.0,2.153,1.24,0.87,0.08,90.0,,0,14.9,K1III(+M),4.87,1.34,06h36m41.11s,99.171276,-19d15m22.25s,-19.2561808,19.8101,50.4571,3.67853,67.32174378769814
28,70 Vir b,70 Vir,Radial Velocity,0,116.688,0.481,1.13,7.49,0.3988,,2455656.682,0,316.2,G5V,1.89,1.09,13h28m25.56s,202.1064898,+13d46m34.71s,13.7763085,17.9011,55.8347,4.76178,176.23345154696523
31,81 Cet b,81 Cet,Radial Velocity,0,952.7,2.5,1.14,5.3,0.206,,,0,62.8,G5 III,11.0,2.4,02h37m41.85s,39.4243555,-03d23m46.90s,-3.3963607,101.26,9.84895,5.37588,52.81465104081759
32,91 Aqr b,91 Aqr,Radial Velocity,0,181.4,0.7,1.17,3.2,0.027,,,0,91.5,K0 III,11.0,1.4,23h15m53.88s,348.9745031,-09d05m16.11s,-9.0878076,44.0304,22.6884,3.95311,34.76615613456214
45,BD+63 1405 b,BD+63 1405,Radial Velocity,0,1198.48,2.06,1.16,3.96,0.88,5.974,,0,186.01,K0,0.8,0.82,18h05m35.50s,271.3979337,+63d40m12.02s,63.6700064,38.0473,26.2541,8.705,250.42001050319655
46,BD-00 4475 b,BD-00 4475,Radial Velocity,0,723.2,1.48,1.07,25.05,0.39,13.31,,0,711.21,G0,0.84,0.81,23h10m50.60s,347.7108441,+00d24m30.82s,0.4085612,42.6402,23.4239,8.78101,1017.6315772324216
52,BD-11 4672 b,BD-11 4672,Radial Velocity,0,1634.0,2.36,1.25,0.65,0.05,,,0,14.88,K7 V,0.64,0.65,18h33m28.53s,278.3688659,-11d38m13.37s,-11.6370481,27.1665,36.7812,9.48511,82.64029484106686
55,BD-17 63 b,BD-17 63,Radial Velocity,0,655.6,1.34,1.15,5.1,0.54,,,0,173.3,K5 V,0.69,0.74,00h28m33.92s,7.1413494,-16d13m38.37s,-16.2273254,34.4603,28.9903,9.20112,255.0403821306221
58,CoRoT-20 c,CoRoT-20,Radial Velocity,0,1675.0,2.9,1.09,17.0,0.6,,,0,326.0,G2 V,1.37,1.14,06h30m52.90s,97.7204249,+00d13m36.82s,0.2268931,844.061,1.15699,14.4686,48.62969456181507
73,GJ 1148 c,GJ 1148,Radial Velocity,0,532.58,0.912,0.866,0.21414,0.342,,2454769.0,0,11.34,M5,0.36,0.34,11h41m43.83s,175.4326081,+42d45m05.71s,42.7515862,11.0143,90.7623,10.5769,48.988923539971786
77,GJ 15 A c,GJ 15 A,Radial Velocity,0,7600.0,5.4,0.595,0.11327,0.27,,,0,2.5,M1,0.38,0.38,00h18m27.04s,4.6126677,+44d01m29.03s,44.0247296,3.56228,280.69,7.2162,437.68334715568267
82,GJ 179 b,GJ 179,Radial Velocity,0,2288.0,2.41,1.24,0.82,0.21,,2454876.0,0,25.8,M3.5 V,0.38,0.36,04h52m05.89s,73.0245495,+06d28m30.84s,6.4752347,12.356,80.9036,10.7055,425.394089846119
93,GJ 3021 b,GJ 3021,Radial Velocity,0,133.71,0.49,1.17,3.37,0.511,,,0,167.0,G6 V,0.9,0.9,00h16m15.22s,4.0634323,-79d51m05.12s,-79.8514218,17.5559,56.9319,6.39729,100.59445413740238
98,GJ 317 b,GJ 317,Radial Velocity,0,695.66,1.151,1.18,2.5,0.07,45.0,2455306.1,0,71.81,M2.5 V,0.43,0.42,08h40m58.69s,130.2445254,-23d27m10.11s,-23.452809,15.1968,65.7744,10.7539,430.2354678098842
99,GJ 317 c,GJ 317,Radial Velocity,0,6739.323,5.23,1.2,1.64396,0.17,,2456384.0,0,31.97,M2.5 V,0.43,0.42,08h40m58.69s,130.2445254,-23d27m10.11s,-23.452809,15.1968,65.7744,10.7539,1285.691404878798
100,GJ 328 b,GJ 328,Radial Velocity,0,4100.0,4.5,1.19,2.3,0.37,,,0,40.0,M1,0.65,0.69,08h55m07.67s,133.7819507,+01d32m31.20s,1.5420011,20.5266,48.6883,9.2861,686.7315925491922
111,GJ 3512 b,GJ 3512,Radial Velocity,0,203.59,0.338,1.27,0.463,0.4356,,,0,71.84,M5.5 V,0.14,0.12,08h41m19.60s,130.3316616,+59d29m30.61s,59.4918364,9.48637,105.386,13.1117,129.70325905955602
126,GJ 433 c,GJ 433,Radial Velocity,0,5094.105,4.819,0.56,0.10201,0.12,,,0,1.75,M1.5 V,0.47,0.48,11h35m26.86s,173.8619194,-32d32m37.07s,-32.5436302,9.06456,110.291,8.89138,101.53137798577734
136,GJ 649 b,GJ 649,Radial Velocity,0,598.3,1.135,1.11,0.328,0.3,,2454832.0,0,12.4,M1.5,0.5,0.54,16h58m08.72s,254.5363221,+25d44m31.10s,25.7419719,10.3796,96.3141,8.81875,63.21156817289331
143,GJ 676 A b,GJ 676 A,Radial Velocity,0,1056.80005,1.82,1.13,6.7,0.33,45.0,,0,129.3,M0 V,0.69,0.73,17h30m10.77s,262.5448903,-51d38m16.00s,-51.6377777,16.0272,62.365,8.86517,999.425053369439
144,GJ 676 A c,GJ 676 A,Radial Velocity,0,7337.0,6.6,1.13,6.8,,,,0,88.7,M0,0.65,0.63,17h30m10.77s,262.5448903,-51d38m16.00s,-51.6377777,16.0272,62.365,8.86517,4072.4561351687703
151,GJ 687 c,GJ 687,Radial Velocity,0,727.562,1.165,0.369,0.05034,0.4,,,0,2.44,M3.0V,0.42,0.4,17h36m25.00s,264.1041731,+68d20m01.23s,68.3336741,4.54939,219.781,8.02754,30.802543094185832
154,GJ 832 b,GJ 832,Radial Velocity,0,3657.0,3.56,1.25,0.68,0.08,,,0,15.4,M1.5,0.44,0.45,21h33m33.90s,323.3912616,-49d00m45.06s,-49.0125169,4.96435,201.407,7.73761,1034.3669753398278
156,GJ 849 b,GJ 849,Radial Velocity,0,1915.0,2.409,1.24,0.9,0.038,,2453873.0,0,24.4,M3.5,0.47,0.49,22h09m41.52s,332.4229938,-04d38m26.99s,-4.6408317,8.80058,113.6,9.2245,474.0231110305259
157,GJ 849 c,GJ 849,Radial Velocity,0,7068.0,4.974,1.25,0.702,0.099,,2458970.0,0,19.64,M3.5,0.47,0.49,22h09m41.52s,332.4229938,-04d38m26.99s,-4.6408317,8.80058,113.6,9.2245,883.0378361933143
158,GJ 86 b,GJ 86,Radial Velocity,0,15.76491,0.11,1.15,4.42,0.04,,,0,376.7,K1V,0.77,0.93,02h10m29.39s,32.6224785,-50d49m15.58s,-50.8209945,10.7836,92.7042,5.88516,50.530161936476276
159,GJ 876 b,GJ 876,Radial Velocity,0,61.1166,0.208317,1.19,2.2756,0.0324,59.0,2453055.984,0,214.0,M4 V,0.3,0.32,22h53m17.75s,343.3239737,-14d15m59.74s,-14.2665958,4.67517,213.867,8.8753,301.5721072566264
160,GJ 876 c,GJ 876,Radial Velocity,0,30.0881,0.12959,1.25,0.7142,0.25591,59.0,2453029.298,0,88.34,M4 V,0.3,0.32,22h53m17.75s,343.3239737,-14d15m59.74s,-14.2665958,4.67517,213.867,8.8753,59.01177130185777
165,GJ 9066 b,GJ 9066,Radial Velocity,0,241.883,0.403,0.544,0.09722,0.18,,,0,11.53,M4.5 V,0.18,0.15,02h00m14.12s,30.0588307,+13d02m39.54s,13.0443172,4.471,223.635,10.6711,55.86161457777288
166,GJ 9066 c,GJ 9066,Radial Velocity,0,767.887,0.87,0.892,0.22528,0.33,,,0,18.97,M4.5 V,0.18,0.15,02h00m14.12s,30.0588307,+13d02m39.54s,13.0443172,4.471,223.635,10.6711,279.60295939519125
172,HAT-P-11 c,HAT-P-11,Radial Velocity,0,3407.0,4.13,1.19,2.3,0.601,135.7,,0,30.9,K4,0.68,0.81,19h50m50.44s,297.7101763,+48d04m54.71s,48.0818635,37.7647,26.4508,9.15098,296.47374545623586
173,HAT-P-13 c,HAT-P-13,Radial Velocity,0,446.27,1.258,1.1,14.28,0.6616,,,0,440.0,G4,1.76,1.32,08h39m31.77s,129.8823772,+47d21m06.87s,47.3519076,246.81,4.02313,10.4168,52.456721949658785
174,HAT-P-17 c,HAT-P-17,Radial Velocity,0,5584.0,5.6,1.17,3.4,0.39,,,0,48.8,K,0.84,0.92,21h38m08.63s,324.5359781,+30d29m17.48s,30.4881882,92.3831,10.796,10.2743,228.77640374133114
176,HATS-59 c,HATS-59,Radial Velocity,0,1422.0,2.504,1.1,12.7,0.083,,,0,224.0,,1.04,1.04,11h21m17.84s,170.324325,-22d23m17.44s,-22.388177,642.884,1.527,13.7854,45.46408070307006
200,HD 104985 b,HD 104985,Radial Velocity,0,199.505,0.95,1.12,8.3,0.09,,,0,166.8,G9 III,11.0,2.3,12h05m15.79s,181.3157854,+76d54m19.21s,76.9053359,100.576,9.9146,5.49698,30.210242120095057
201,HD 106252 b,HD 106252,Radial Velocity,0,1531.0,2.61,1.13,6.93,0.48,,,0,138.8,G0,1.1,1.01,12h13m29.53s,183.3730583,+10d02m25.55s,10.0404302,38.185,26.1595,7.26281,447.40016389598753
202,HD 106270 b,HD 106270,Radial Velocity,0,1888.0,3.34,1.11,10.13,0.185,,,0,135.4,G5 IV,2.66,1.39,12h13m37.18s,183.4049258,-09d30m48.83s,-9.5135645,93.808,10.6318,7.39531,247.42721300794864
203,HD 10647 b,HD 10647,Radial Velocity,0,989.2,2.015,1.23,0.94,0.15,,,0,18.1,F9 V,1.1,1.11,01h42m29.60s,25.6233526,-53d44m28.63s,-53.7412852,17.3357,57.6556,5.38178,93.80952995411266
204,HD 106515 A b,HD 106515 A,Radial Velocity,0,3630.0,4.59,1.11,9.61,0.572,,,0,158.2,G5,1.62,0.97,12h15m06.30s,183.7762699,-07d15m27.15s,-7.2575413,34.0915,29.3041,7.7777,1269.3660376246958
205,HD 10697 b,HD 10697,Radial Velocity,0,1075.69,2.14,1.13,6.383,0.1043,,2452506.8,0,116.9,G5 IV,1.79,1.13,01h44m55.78s,26.2324076,+20d04m57.71s,20.0826974,33.1205,30.1639,6.10286,348.40705494063474
209,HD 108341 b,HD 108341,Radial Velocity,0,1129.0,2.0,1.17,3.5,0.85,,,0,144.0,K2 V,0.79,0.84,12h27m31.00s,186.8791724,-71d25m20.96s,-71.4224896,48.9102,20.4167,9.14337,162.81642916361108
212,HD 108874 c,HD 108874,Radial Velocity,0,1624.0,2.659,1.23,0.99,0.239,,2454785.0,0,18.2,G5,1.09,0.95,12h30m27.02s,187.6126029,+22d52m45.98s,22.8794399,59.5175,16.773,8.57502,44.42751089792785
216,HD 109286 b,HD 109286,Radial Velocity,0,520.1,1.259,1.17,2.99,0.338,,,0,81.6,G4 V,1.09,0.98,12h33m35.00s,188.3958418,+07d16m51.26s,7.2809064,55.4156,18.0167,8.61599,66.07434121269364
219,HD 110014 b,HD 110014,Radial Velocity,0,835.477,2.14,1.11,11.09,0.462,,,0,158.2,K2 III,20.9,2.17,12h39m14.69s,189.8111935,-07d59m44.41s,-7.9956702,100.758,9.90259,4.31048,108.82325236141801
221,HD 111232 b,HD 111232,Radial Velocity,0,1143.0,1.97,1.13,7.14,0.2,,,0,159.3,G5 V,0.9,0.84,12h48m51.83s,192.2159553,-68d25m28.80s,-68.4246679,28.9571,34.5049,7.40535,565.6410463711279
222,HD 111591 b,HD 111591,Radial Velocity,0,1056.4,2.5,1.15,4.4,0.26,,,0,59.0,K0 III,8.03,1.94,12h50m17.41s,192.5725483,+22d51m47.26s,22.8631285,114.166,8.73071,6.15212,48.012401702533225
223,HD 111998 b,HD 111998,Radial Velocity,0,825.9,1.82,1.15,4.51,0.03,,,0,87.6,F5 V,1.45,1.18,12h53m10.88s,193.2953521,-03d33m11.21s,-3.5531133,33.2237,30.0702,5.99548,199.91499498506826
225,HD 113337 b,HD 113337,Radial Velocity,0,324.0,0.92,1.18,2.83,0.46,,,0,75.6,F6 V,1.5,1.4,13h01m46.52s,195.4438496,+63d36m37.18s,63.610328,36.18,27.6107,5.91168,55.08275597445301
226,HD 113538 b,HD 113538,Radial Velocity,0,663.2,1.24,1.18,0.36,0.14,,,0,12.2,K9 V,0.53,0.58,13h04m56.14s,196.233933,-52d26m46.86s,-52.4463502,16.2817,61.3899,8.4428,45.168273049635864
227,HD 113538 c,HD 113538,Radial Velocity,0,1818.0,2.44,1.24,0.93,0.2,,,0,22.6,K9 V,0.53,0.58,13h04m56.14s,196.233933,-52d26m46.86s,-52.4463502,16.2817,61.3899,8.4428,228.5494311452266
228,HD 113996 b,HD 113996,Radial Velocity,0,610.2,1.6,1.14,6.3,0.28,,,0,120.0,K5 III,25.11,1.49,13h07m10.77s,196.794874,+27d37m27.98s,27.6244384,116.334,8.59521,4.22274,55.79274036583079
229,HD 114386 b,HD 114386,Radial Velocity,0,937.70001,1.73,1.22,1.14,0.23,,,0,34.3,K3V,0.76,0.6,13h10m39.65s,197.6652124,-35d03m22.25s,-35.0561807,27.9243,35.7823,8.41823,102.71108668683662
230,HD 114613 b,HD 114613,Radial Velocity,0,4000.0,5.34,1.17,0.357,0.458,,,0,4.38,G4 IV,2.14,1.27,13h12m02.68s,198.0111842,-37d48m10.16s,-37.8028236,20.2836,49.2738,4.66174,70.65025415600229
231,HD 114729 b,HD 114729,Radial Velocity,0,1121.79,2.067,1.24,0.825,0.079,,2451631.0,0,16.91,G0 V,1.47,0.94,13h12m44.02s,198.1833997,-31d52m28.83s,-31.8746756,37.8063,26.4217,6.51382,45.86683187484246
232,HD 114762 b,HD 114762,Radial Velocity,0,83.9151,0.36,1.11,10.69,0.34,,2455326.665,0,612.5,F8,1.2,0.8,13h12m19.11s,198.079631,+17d31m01.65s,17.517124,40.1949,24.8556,7.13955,110.50787590724144
233,HD 114783 b,HD 114783,Radial Velocity,0,493.7,1.16,1.23,1.1,0.144,,2455283.8,0,31.9,K0,0.84,0.85,13h12m43.64s,198.1818436,-02d15m53.97s,-2.2649921,21.0628,47.4482,7.31783,67.91919232275212
234,HD 114783 c,HD 114783,Radial Velocity,0,4319.0,4.97,1.26,0.611,0.0,,2454959.0,0,9.21,K1V,0.84,0.85,13h12m43.64s,198.1818436,-02d15m53.97s,-2.2649921,21.0628,47.4482,7.31783,160.17244059152313
235,HD 11506 b,HD 11506,Radial Velocity,0,1622.1,2.9,1.15,4.83,0.3743,,,0,78.17,G0 V,1.34,1.24,01h52m50.56s,28.2106607,-19d30m26.63s,-19.507396,51.261,19.4792,7.37382,210.54767151383479
237,HD 115954 b,HD 115954,Radial Velocity,0,3700.0,5.0,1.12,8.29,0.487,,,0,110.7,G0 V,1.21,1.18,13h19m56.49s,199.9853694,+38d22m08.90s,38.3691383,87.6437,11.381,8.18736,378.5588978936179
240,HD 117207 b,HD 117207,Radial Velocity,0,2621.75,3.787,1.2,1.926,0.157,,2453356.0,0,27.78,G8 IV/V,1.07,1.05,13h29m20.85s,202.3368806,-35d34m16.69s,-35.5713041,32.3547,30.8785,7.07737,204.6790593008915
241,HD 11755 b,HD 11755,Radial Velocity,0,433.70001,1.09,1.14,5.63,0.19,,,0,191.3,G5,20.58,0.72,01h58m49.88s,29.707836,+73d09m07.69s,73.1521372,235.045,4.22586,6.46378,31.91649053283305
244,HD 11964 b,HD 11964,Radial Velocity,0,1945.0,3.16,1.26,0.622,0.041,,2455803.0,0,9.41,G9 V CN+1,2.01,0.91,01h57m09.22s,29.2884252,-10d14m36.49s,-10.2434693,33.5369,29.789,6.209,57.49182934673046
246,HD 11977 b,HD 11977,Radial Velocity,0,711.0,1.93,1.13,6.54,0.4,,,0,105.0,G8 III/IV,10.09,1.91,01h54m56.34s,28.7347403,-67d38m49.15s,-67.6469871,67.9331,14.6943,4.43863,93.06938422778295
247,HD 120084 b,HD 120084,Radial Velocity,0,2082.0,4.3,1.15,4.5,0.66,,,0,53.0,G7 III,9.12,2.39,13h42m38.88s,205.661989,+78d03m52.70s,78.0646376,103.044,9.67602,5.65211,74.41574984928785
251,HD 125390 b,HD 125390,Radial Velocity,0,1756.2,3.16,1.07,22.16,0.591,,,0,373.0,G7 V,6.47,1.36,14h18m09.30s,214.5387463,+38d58m00.89s,38.9669132,153.647,6.47975,7.94061,319.5131310580691
253,HD 125612 b,HD 125612,Radial Velocity,0,557.04,1.372,1.17,3.1,0.4553,,,0,80.46,G3 V,1.05,1.11,14h20m53.45s,215.2227183,-17d28m54.53s,-17.4818147,57.6207,17.3261,8.1559,63.4714626916423
255,HD 125612 d,HD 125612,Radial Velocity,0,2835.0,4.06,1.13,7.28,0.1172,,,0,98.37,G3 V,1.05,1.11,14h20m53.45s,215.2227183,-17d28m54.53s,-17.4818147,57.6207,17.3261,8.1559,441.02110273713856
258,HD 12661 b,HD 12661,Radial Velocity,0,262.70862,0.84,1.18,2.43,0.38,,2456079.28,0,73.6,K0,1.2,1.2,02h04m34.16s,31.1423525,+25d24m48.83s,25.4135632,37.8478,26.3927,7.24746,43.56932918134477
259,HD 12661 c,HD 12661,Radial Velocity,0,1708.0,2.8145,1.2,1.812,0.031,,2455774.9,0,30.41,K0,1.11,1.02,02h04m34.16s,31.1423525,+25d24m48.83s,25.4135632,37.8478,26.3927,7.24746,126.12343385992281
261,HD 128311 b,HD 128311,Radial Velocity,0,453.019,1.084,1.2,1.769,0.303,30.0,2455211.3,0,55.627,K0,0.76,0.83,14h36m00.78s,219.0032292,+09d44m43.57s,9.7454368,16.3292,61.2111,7.16719,135.168341664233
262,HD 128311 c,HD 128311,Radial Velocity,0,921.538,1.74,1.16,3.789,0.159,55.95,2455219.0,0,74.799,K0,0.76,0.83,14h36m00.78s,219.0032292,+09d44m43.57s,9.7454368,16.3292,61.2111,7.16719,464.8037804071804
263,HD 128356 b,HD 128356,Radial Velocity,0,298.2,0.87,1.24,0.89,0.57,,,0,36.9,K3 V,0.85,0.65,14h37m04.87s,219.2702793,-25d48m11.42s,-25.8031728,26.1548,38.2052,7.97745,37.814172928424576
264,HD 129445 b,HD 129445,Radial Velocity,0,1840.0,2.9,1.21,1.6,0.7,,,0,38.0,G6 V,1.18,0.99,14h46m02.50s,221.5104196,-68d45m46.76s,-68.7629901,67.4386,14.7995,8.6178,67.00177478344393
267,HD 131664 b,HD 131664,Radial Velocity,0,1951.0,3.17,1.08,19.12,0.64,,,0,359.5,G3 V,1.08,1.19,15h00m06.11s,225.0254554,-73d32m06.84s,-73.5352345,52.8128,18.9059,7.96631,940.3916308664864
268,HD 13167 b,HD 13167,Radial Velocity,0,2613.0,4.1,1.17,3.31,0.563,,,0,48.2,G3 V,2.39,1.35,02h08m13.83s,32.057635,-24d41m44.07s,-24.695575,148.934,6.68592,8.15997,64.48483821862104
270,HD 132406 b,HD 132406,Radial Velocity,0,974.0,1.98,1.14,5.38,0.34,,,0,115.0,G0,1.34,1.03,14h56m54.63s,224.2276121,+53d22m51.46s,53.3809615,70.7832,14.0987,8.28075,136.80010373988017
271,HD 132563 b,HD 132563,Radial Velocity,0,1544.0,2.62,1.21,1.49,0.22,,,0,26.7,F8,1.3,1.23,14h58m21.43s,224.5892892,+44d02m34.29s,44.0428571,105.155,9.48093,8.85821,30.80380156333902
272,HD 133131 A b,HD 133131 A,Radial Velocity,0,649.0,1.44,1.21,1.42,0.33,,,0,36.52,G2 V,0.96,0.95,15h03m35.63s,225.8984524,-27d50m35.29s,-27.8431369,51.4736,19.3988,8.27532,39.97646453453512
273,HD 133131 A c,HD 133131 A,Radial Velocity,0,3568.0,4.49,1.28,0.42,0.49,,,0,6.89,G2 V,0.96,0.95,15h03m35.63s,225.8984524,-27d50m35.29s,-27.8431369,51.4736,19.3988,8.27532,36.83142835172977
274,HD 133131 B b,HD 133131 B,Radial Velocity,0,5769.0,6.15,1.18,2.5,0.61,,,0,37.41,G2 V,0.99,0.93,15h03m35.99s,225.8999745,-27d50m29.74s,-27.8415947,51.2993,19.4648,8.25674,307.3690615055894
277,HD 134987 b,HD 134987,Radial Velocity,0,258.17999,0.81,1.21,1.61,0.23,,2452704.42,0,49.5,G5 V,1.22,1.1,15h13m28.21s,228.3675397,-25d18m34.82s,-25.3096721,26.1804,38.1678,6.28994,43.714214206035564
278,HD 134987 c,HD 134987,Radial Velocity,0,5000.0,5.8,1.24,0.82,0.12,,2455060.0,0,9.3,G5 V,1.25,1.1,15h13m28.21s,228.3675397,-25d18m34.82s,-25.3096721,26.1804,38.1678,6.28994,160.56181678719807
283,HD 136925 b,HD 136925,Radial Velocity,0,4540.0,5.13,1.24,0.84,0.103,,2449690.0,0,11.4,,1.19,0.88,15h22m51.78s,230.7157509,+13d21m58.72s,13.3663117,47.874,20.8602,7.74447,97.86968929762277
285,HD 137496 c,HD 137496,Radial Velocity,0,479.9,1.2163,1.13,7.66,0.477,,2458629.21,0,221.25,G,1.59,1.04,15h26m58.09s,231.7420543,-16d30m32.41s,-16.5090014,155.317,6.41091,9.77168,55.01839237683924
289,HD 13908 c,HD 13908,Radial Velocity,0,931.0,2.03,1.15,5.13,0.12,,,0,90.9,F8 V,1.67,1.29,02h18m14.62s,34.5609102,+65d35m39.08s,65.5941901,79.5515,12.5417,7.3845,96.93086985891503
290,HD 13931 b,HD 13931,Radial Velocity,0,4218.0,5.15,1.19,2.2,0.02,,2456650.0,0,23.3,G0,1.25,1.3,02h16m47.52s,34.1979991,+43d46m19.94s,43.7722065,47.3963,21.0701,7.45464,190.0524911357084
291,HD 139357 b,HD 139357,Radial Velocity,0,1125.7,2.36,1.11,9.76,0.1,,,0,161.2,K0,11.47,1.35,15h35m16.17s,233.8173564,+53d55m19.74s,53.9221505,112.09,8.89299,5.6303,144.1103774258761
292,HD 14067 b,HD 14067,Radial Velocity,0,1455.0,3.4,1.12,7.8,0.533,,,0,92.2,G9 III,12.4,2.4,02h17m10.40s,34.293348,+23d46m03.56s,23.7676546,142.024,7.01247,6.23751,73.4943362956077
296,HD 141399 d,HD 141399,Radial Velocity,0,1069.8,2.09,1.22,1.18,0.074,,2454755.6,0,22.63,K0,1.39,1.07,15h46m53.65s,236.7235392,+46d59m10.64s,46.986288,37.0169,26.9857,7.00926,59.54532341035934
297,HD 141399 e,HD 141399,Radial Velocity,0,5000.0,5.0,1.25,0.66,0.26,,2455729.0,0,8.8,K0,1.39,1.07,15h46m53.65s,236.7235392,+46d59m10.64s,46.986288,37.0169,26.9857,7.00926,93.10102813428398
298,HD 141937 b,HD 141937,Radial Velocity,0,653.21997,1.5,1.11,9.69,0.41,,,0,234.5,G2/G3 V,1.03,1.09,15h52m17.65s,238.0735585,-18d26m09.50s,-18.4359716,33.3622,29.9453,7.09149,385.695093758083
299,HD 142 b,HD 142,Radial Velocity,0,349.7,1.02,1.22,1.25,0.17,,,0,33.2,G1 IV,1.47,1.23,00h06m20.08s,1.5836771,-49d04m31.30s,-49.0753625,26.1853,38.1605,5.58442,38.55960894923872
300,HD 142 c,HD 142,Radial Velocity,0,6005.0,6.8,1.14,5.3,0.21,,,0,55.2,F7V,1.47,1.23,00h06m20.08s,1.5836771,-49d04m31.30s,-49.0753625,26.1853,38.1605,5.58442,1088.203458071481
301,HD 142022 A b,HD 142022 A,Radial Velocity,0,1928.0,2.93,1.15,4.44,0.53,,,0,92.0,K0,1.04,0.9,16h10m11.56s,242.5481731,-84d13m54.30s,-84.2317494,34.2802,29.1424,7.51423,402.10162065724586
302,HD 142245 b,HD 142245,Radial Velocity,0,1299.0,2.78,1.17,3.07,0.0,,,0,24.8,K0,4.63,3.5,15h52m56.22s,238.2342443,+15d25m50.20s,15.4306118,97.2305,10.2562,7.18949,30.463732402589603
303,HD 142415 b,HD 142415,Radial Velocity,0,386.29999,1.06,1.2,1.67,0.5,,,0,51.3,G1 V,1.04,1.07,15h57m40.56s,239.418989,-60d12m02.50s,-60.2006948,35.5318,28.1149,7.17789,44.51909416142909
305,HD 143361 b,HD 143361,Radial Velocity,0,1039.15,1.988,1.16,3.532,0.197,,,0,73.89,G6 V,0.92,0.97,16h01m50.12s,240.4588405,-44d26m06.21s,-44.4350575,68.5146,14.567,9.01602,100.83121088627993
306,HD 145377 b,HD 145377,Radial Velocity,0,103.95,0.45,1.14,6.02,0.31,,,0,242.7,G3 V,1.05,1.2,16h11m36.47s,242.9019658,-27d04m41.23s,-27.0781199,53.4884,18.6669,7.96999,41.16412640357685
308,HD 145675 c,14 Her,Radial Velocity,0,25000.0,16.4,1.14,5.8,0.45,,2454680.0,0,46.7,K0V,1.0,0.97,16h10m24.50s,242.6021014,+43d48m58.90s,43.8163621,17.9323,55.7363,6.383,5272.185686465785
313,HD 147018 c,HD 147018,Radial Velocity,0,1008.0,1.922,1.13,6.56,0.133,,,0,141.2,G9 V,0.94,0.93,16h22m59.76s,245.7490012,-61d41m24.46s,-61.6901291,40.4256,24.7079,8.11145,319.8788615214285
315,HD 147513 b,HD 147513,Radial Velocity,0,528.4,1.32,1.22,1.21,0.26,,,0,29.3,G3/5V,0.98,1.11,16h24m01.39s,246.0057894,-39d11m34.68s,-39.1929661,12.9032,77.4716,5.22664,106.80726743296403
321,HD 148164 c,HD 148164,Radial Velocity,0,5062.0,6.15,1.15,5.16,0.125,,,0,54.28,F8,1.34,1.21,16h25m44.44s,246.4351678,+11d55m08.66s,11.9190729,77.1971,12.9252,8.0907,324.21000825289644
326,HD 150706 b,HD 150706,Radial Velocity,0,5894.0,6.7,1.18,2.71,0.38,,,0,31.1,G0 V,0.96,1.17,16h31m18.14s,247.8255687,+79d47m21.85s,79.7894032,28.2697,35.3446,6.85038,526.2807137183293
327,HD 152079 b,HD 152079,Radial Velocity,0,2918.92,4.187,1.18,2.661,0.532,,,0,40.76,G6 V,1.13,1.15,16h53m29.58s,253.3732313,-46d20m00.09s,-46.3333582,87.8888,11.3494,9.01051,105.24802308157334
329,HD 153950 b,HD 153950,Radial Velocity,0,499.39999,1.28,1.17,2.95,0.34,,,0,69.2,F8 V,1.28,1.25,17h04m31.03s,256.1292826,-43d18m37.35s,-43.3103753,48.4549,20.609,7.23813,61.69685654786557
331,HD 154345 b,HD 154345,Radial Velocity,0,3341.55884,4.21,1.24,0.82,0.04,,2456384.0,0,14.0,G8V,0.85,0.71,17h02m36.59s,255.6524619,+47d05m08.00s,47.0855544,18.284,54.6636,6.56771,235.30056426599228
332,HD 154672 b,HD 154672,Radial Velocity,0,163.94,0.6,1.14,5.37,0.61,,,0,225.0,G3 IV,1.32,1.18,17h10m04.97s,257.520697,-56d26m59.29s,-56.4498041,63.0484,15.8321,8.03732,42.683040561369246
334,HD 154857 c,HD 154857,Radial Velocity,0,3452.0,5.36,1.18,2.58,0.06,,,0,24.2,G5 V,1.76,1.72,17h11m15.89s,257.816194,-56d40m51.74s,-56.681038,63.4482,15.7321,7.04837,120.869006073291
336,HD 155233 b,HD 155233,Radial Velocity,0,818.8,2.0,1.18,2.6,0.04,,,0,40.5,K1 III,5.03,1.69,17h11m04.35s,257.7681391,-20d39m18.59s,-20.655164,74.2309,13.4431,6.5449,40.36476830423769
339,HD 156279 b,HD 156279,Radial Velocity,0,131.05,0.49,1.11,9.88,0.71,,2455464.94,0,578.0,G6,0.95,0.95,17h12m23.20s,258.0966686,+63d21m10.02s,63.3527828,36.1945,27.5995,7.86569,136.14754907967864
340,HD 156279 c,HD 156279,Radial Velocity,0,4191.0,5.461,1.12,8.6,0.231,,2455834.7,0,110.2,G6,0.97,0.93,17h12m23.20s,258.0966686,+63d21m10.02s,63.3527828,36.1945,27.5995,7.86569,1211.059643956342
344,HD 156846 b,HD 156846,Radial Velocity,0,359.51001,1.12,1.11,10.67,0.85,,,0,464.3,G0 V,1.9,1.38,17h20m34.16s,260.1423366,-19d20m03.71s,-19.334365,47.7332,20.921,6.3623,170.3406596090143
351,HD 158996 b,HD 158996,Radial Velocity,0,820.2,2.1,1.1,14.0,0.13,,,0,207.0,K5 III,50.3,1.8,17h19m37.23s,259.9051092,+80d08m11.05s,80.1364033,283.659,3.49765,5.18609,54.598766072691795
354,HD 159868 b,HD 159868,Radial Velocity,0,1184.1,2.32,1.19,2.218,0.024,,,0,37.92,G5 V,2.13,1.19,17h38m59.20s,264.7466665,-43d08m46.44s,-43.1462347,55.8503,17.8763,7.04579,73.94632963571564
357,HD 1605 c,HD 1605,Radial Velocity,0,2149.0,3.584,1.16,3.62,0.099,,,0,47.47,K1 IV,3.49,1.33,00h20m31.62s,5.1317548,+30d58m30.22s,30.9750611,88.8047,11.232,7.25688,104.86138845294698
358,HD 160691 b,HD 160691,Radial Velocity,0,643.25,1.497,1.2,1.676,0.128,,,0,37.78,G5 V,1.38,1.08,17h44m08.68s,266.0361585,-51d50m05.55s,-51.8348751,15.5981,64.0817,4.94916,142.09958333672577
359,HD 160691 c,HD 160691,Radial Velocity,0,4205.8,5.235,1.2,1.814,0.0985,,,0,21.79,G3IV/V,1.38,1.08,17h44m08.68s,266.0361585,-51d50m05.55s,-51.8348751,15.5981,64.0817,4.94916,537.7766408651655
364,HD 16175 b,HD 16175,Radial Velocity,0,990.0,2.12,1.15,5.1,0.6,,,0,94.0,G0,1.72,1.63,02h37m01.86s,39.2577379,+42d03m44.83s,42.0624526,59.859,16.6775,7.1291,114.15426018201158
365,HD 162020 b,HD 162020,Radial Velocity,0,8.4282,0.08,1.11,9.84,0.28,,,0,1813.0,K3 V,0.75,0.42,17h50m38.38s,267.6599252,-40d19m06.47s,-40.3184646,30.8248,32.4128,8.75949,44.039083758088594
367,HD 163607 c,HD 163607,Radial Velocity,0,1272.0,2.39,1.19,2.201,0.08,,,0,38.37,G5,1.76,1.12,17h53m40.35s,268.4181383,+56d23m32.89s,56.3924701,67.7855,14.7236,7.81298,66.03119280707666
371,HD 164604 b,HD 164604,Radial Velocity,0,641.472,1.331,1.19,1.99792,0.35,,,0,60.66,K3.5 V,0.77,0.77,18h03m06.89s,270.7787177,-28d33m39.00s,-28.5608343,39.3633,25.3757,9.32786,83.95201067859175
372,HD 164922 b,HD 164922,Radial Velocity,0,1207.0,2.16,1.19,0.36497,0.08,,2456743.0,0,6.7,G9 V,0.95,0.93,18h02m31.31s,270.6304652,+26d18m37.47s,26.3104077,22.0016,45.4222,6.78614,36.87274962846917
376,HD 165155 b,HD 165155,Radial Velocity,0,434.5,1.13,1.18,2.89,0.2,,,0,75.8,G8 V,0.95,1.02,18h05m57.44s,271.4893395,-29d55m02.11s,-29.9172536,63.3574,15.7548,9.21413,48.2443730135432
377,HD 1666 b,HD 1666,Radial Velocity,0,270.0,0.94,1.13,6.43,0.63,,,0,199.4,F7 V,1.93,1.5,00h20m52.33s,5.2180424,-19d55m53.34s,-19.9314823,117.908,8.45266,8.05121,32.47899101260618
378,HD 166724 b,HD 166724,Radial Velocity,0,5144.0,5.42,1.16,3.53,0.734,,,0,71.0,K0 IV-V,0.8,0.81,18h13m59.73s,273.4988604,-42d34m32.60s,-42.5757218,45.1342,22.1273,9.06863,501.0710567453285
381,HD 168443 b,HD 168443,Radial Velocity,0,58.11247,0.2931,1.13,7.659,0.52883,,2455272.957,0,475.133,G5,1.51,0.99,18h20m03.84s,275.0159879,-09d35m48.09s,-9.5966905,39.6245,25.2084,6.73166,54.540302996437944
382,HD 168443 c,HD 168443,Radial Velocity,0,1749.83,2.8373,1.09,17.193,0.2113,,2455599.41,0,297.7,G5,1.51,0.99,18h20m03.84s,275.0159879,-09d35m48.09s,-9.5966905,39.6245,25.2084,6.73166,1184.9901313563823
385,HD 169830 b,HD 169830,Radial Velocity,0,225.62,0.81,1.18,2.88,0.31,,2455515.75,0,80.7,F8 V,1.94,1.4,18h27m49.48s,276.9561859,-29d49m00.45s,-29.8167919,37.6048,26.5642,5.77641,42.370992017388396
386,HD 169830 c,HD 169830,Radial Velocity,0,2102.0,3.6,1.16,4.04,0.33,,2455139.0,0,54.3,F8 V,1.94,1.4,18h27m49.48s,276.9561859,-29d49m00.45s,-29.8167919,37.6048,26.5642,5.77641,263.1646963027166
390,HD 171238 b,HD 171238,Radial Velocity,0,1532.0,2.57,1.18,2.72,0.234,,,0,50.7,G8 V,1.01,0.96,18h34m43.64s,278.6818389,-28d04m22.03s,-28.0727849,44.8113,22.2871,8.41099,154.85535843864363
393,HD 175167 b,HD 175167,Radial Velocity,0,1290.0,2.4,1.12,8.97,0.54,,,0,161.0,G5 IV/V,1.75,1.37,19h00m00.81s,285.0033888,-69d56m42.24s,-69.9450664,71.0863,14.0386,7.82424,226.4673748213252
402,HD 178911 B b,HD 178911 B,Radial Velocity,0,71.484,0.34,1.12,8.03,0.11,,2450292.68,0,343.3,G5,1.08,1.24,19h09m03.17s,287.2632091,+34d36m02.51s,34.6006972,40.9727,24.3775,7.86705,54.638519612330555
406,HD 18015 b,HD 18015,Radial Velocity,0,2278.0,3.87,1.17,3.18,0.148,,,0,38.0,G6 IV,3.13,1.49,02h53m27.27s,43.3636339,-08d50m52.94s,-8.8480392,123.801,8.04905,7.72194,63.684592580388426
407,HD 180314 b,HD 180314,Radial Velocity,0,396.03,1.46,1.08,20.13,0.26,,,0,340.8,K0,8.13,2.2,19h14m50.27s,288.7094401,+31d51m37.58s,31.8604391,122.362,8.14366,6.34583,97.98372793217644
410,HD 181234 b,HD 181234,Radial Velocity,0,7462.0575,7.52,1.12,8.37,0.73,,2457580.0,0,126.8,G5,1.05,1.01,19h19m59.97s,289.9998695,-09d19m29.89s,-9.32497,47.7458,20.9155,8.36926,1242.3241657368378
413,HD 181433 c,HD 181433,Radial Velocity,0,962.0,1.76,1.26,0.64,0.28,,,0,16.2,K3 IV,0.81,0.78,19h25m08.97s,291.2873731,-66d28m04.02s,-66.4677838,26.8762,37.1787,8.09228,51.16254025445862
414,HD 181433 d,HD 181433,Radial Velocity,0,2172.0,3.0,1.27,0.54,0.48,,,0,11.3,K3 IV,0.81,0.78,19h25m08.97s,291.2873731,-66d28m04.02s,-66.4677838,26.8762,37.1787,8.09228,74.29436540709463
416,HD 183263 b,HD 183263,Radial Velocity,0,626.51599,1.49,1.16,3.95,0.36,,2456925.2,0,84.0,G2 IV,1.23,1.31,19h28m24.55s,292.1022982,+08d21m28.51s,8.3579183,54.1955,18.4229,7.71818,83.27106531593628
417,HD 183263 c,HD 183263,Radial Velocity,0,3070.0,4.35,1.16,3.57,0.239,,2457195.7,0,46.3,G2 IV,1.29,1.06,19h28m24.55s,292.1022982,+08d21m28.51s,8.3579183,54.1955,18.4229,7.71818,250.0421222158023
419,HD 187085 b,HD 187085,Radial Velocity,0,1019.74,2.1,1.24,0.836,0.251,,,0,15.39,G0 V,1.27,1.19,19h49m33.98s,297.3915731,-37d46m51.57s,-37.7809929,45.8993,21.758,7.07508,30.698351821513363
421,HD 187123 c,HD 187123,Radial Velocity,0,3810.0,4.89,1.19,1.99,0.252,,2458871.0,0,25.5,G3 V,1.15,1.04,19h46m58.29s,296.7428786,+34d25m08.36s,34.41899,45.9548,21.7316,7.67284,192.2515296616596
423,HD 188015 b,HD 188015,Radial Velocity,0,461.2,1.203,1.21,1.5,0.137,,2452094.4,0,37.6,G5 IV,1.13,1.09,19h52m04.60s,298.0191857,+28d05m59.92s,28.0999769,50.6706,19.7065,8.06588,31.169516628398608
428,HD 190360 b,HD 190360,Radial Velocity,0,2915.03687,3.97,1.21,1.54,0.31,,2456758.0,0,23.2,G6 IV,1.14,0.99,20h03m38.22s,300.9092476,+29d53m40.35s,29.894541,16.0069,62.4443,5.55436,369.23756688907343
430,HD 190647 b,HD 190647,Radial Velocity,0,1176.45,2.231,1.19,1.985,0.224,,,0,37.51,G5 V,1.38,1.07,20h07m19.64s,301.8318167,-35d32m22.28s,-35.5395236,54.4738,18.3287,7.5942,72.5191126433108
431,HD 190984 b,HD 190984,Radial Velocity,0,4885.0,5.5,1.17,3.1,0.57,,,0,48.0,F8 V,1.53,0.91,20h11m30.72s,302.8779827,-64d37m12.98s,-64.6202728,148.187,6.71978,8.61126,119.81746095922811
432,HD 191806 b,HD 191806,Radial Velocity,0,1606.3,2.8,1.12,8.52,0.259,,,0,140.5,K0,1.4,1.14,20h09m28.50s,302.368758,+52d16m36.22s,52.2767265,65.6668,15.1995,7.93339,304.64551927031005
434,HD 191939 f,HD 191939,Radial Velocity,0,4450.0,4.8,1.13,6.49722,0.0,,,0,23.0,G9 V,0.94,0.81,20h08m06.15s,302.0256247,+66d51m01.09s,66.8503014,53.6089,18.6247,8.77476,704.9535237665875
440,HD 196050 b,HD 196050,Radial Velocity,0,1378.0,2.51,1.17,3.18,0.23,,,0,49.7,G4 V,1.42,1.31,20h37m51.31s,309.4637796,-60d38m05.15s,-60.6347649,50.6742,19.7051,7.3407,121.2584297649704
441,HD 196067 b,HD 196067,Radial Velocity,0,3638.0,5.02,1.13,6.9,0.66,,,0,104.0,G1 V,1.73,1.29,20h41m44.74s,310.4364195,-75d21m05.40s,-75.3514992,39.9346,25.012,6.33009,644.3197631550148
442,HD 196885 A b,HD 196885 A,Radial Velocity,0,1333.0,2.37,1.18,2.58,0.48,,,0,53.9,F8 V,1.31,1.28,20h39m51.95s,309.9664609,+11d15m00.08s,11.2500236,34.1692,29.2372,6.26141,144.9276796223331
443,HD 197037 b,HD 197037,Radial Velocity,0,1035.7,2.07,1.24,0.79,0.22,,,0,15.5,F7 V,1.1,1.11,20h39m32.87s,309.8869681,+42d14m51.33s,42.247593,33.1944,30.0966,6.67106,42.45439353386935
444,HD 19994 b,HD 19994,Radial Velocity,0,466.2,1.305,1.21,1.37,0.063,,,0,29.3,F8 V,1.8,1.36,03h12m46.64s,48.1943193,-01d11m47.02s,-1.1963955,22.5242,44.3695,4.93038,55.65614994088978
449,HD 202206 c,HD 202206,Radial Velocity,0,1260.0,2.41,1.08,17.9,0.22,7.7,,0,41.0,G6 V,1.04,1.07,21h14m57.73s,318.7405221,-20d47m23.02s,-20.7897284,45.9665,21.7264,7.91051,811.2522149416864
452,HD 203473 b,HD 203473,Radial Velocity,0,1552.9,2.73,1.12,7.8,0.289,,,0,133.6,G5,1.33,1.12,21h22m19.06s,320.5794196,+05d01m24.91s,5.0235858,72.6402,13.7379,8.07691,249.43327649193014
453,HD 2039 b,HD 2039,Radial Velocity,0,1120.0,2.2,1.14,6.29,0.71,,,0,153.0,G2/G3 IV/V,1.19,1.23,00h24m20.43s,6.0851069,-56d38m59.96s,-56.649988,85.6922,11.6408,8.85974,128.82627802475704
454,HD 204313 b,HD 204313,Radial Velocity,0,1920.09998,3.07,1.17,3.46,0.23,,,0,57.0,G5 V,1.1,1.03,21h28m12.25s,322.0510568,-21d43m38.71s,-21.7274194,47.7945,20.8943,7.83246,204.8530010453469
456,HD 204941 b,HD 204941,Radial Velocity,0,1733.0,2.55,0.903,0.23,0.37,,,0,5.9,K1/2V,0.78,0.58,21h32m23.20s,323.0966714,-20d57m28.65s,-20.957957,28.7165,34.7945,8.19092,31.04057939723734
464,HD 20782 b,HD 20782,Radial Velocity,0,597.0643,1.3649,1.21,1.4878,0.95,,,0,118.43,G1.5 V,1.13,1.04,03h20m03.99s,50.0166232,-28d51m15.67s,-28.8543535,35.9864,27.7593,7.19283,53.35205841073063
472,HD 208527 b,HD 208527,Radial Velocity,0,875.5,2.1,1.11,9.9,0.08,,,0,155.4,M1 III,51.1,1.6,21h56m23.99s,329.0999413,+21d14m23.72s,21.239922,312.202,3.17981,5.61607,39.631756479596454
473,HD 20868 b,HD 20868,Radial Velocity,0,380.85001,0.95,1.22,1.25,0.75,,,0,100.3,K3/4 IV,0.76,0.39,03h20m43.06s,50.1794053,-33d43m46.88s,-33.72969,47.7223,20.9257,9.61323,48.165348154298044
477,HD 210277 b,HD 210277,Radial Velocity,0,442.19,1.13,1.22,1.29,0.48,,2457177.69,0,38.9,G0 V,1.07,1.01,22h09m29.95s,332.3748117,-07d33m02.15s,-7.5505962,21.2985,46.9229,6.34701,65.2407194989663
479,HD 211403 b,HD 211403,Radial Velocity,0,223.8,0.768,1.14,5.54,0.084,,,0,165.5,F7 V,1.21,1.2,22h15m15.80s,333.8158177,+58d16m32.02s,58.2755601,83.0919,12.006,8.34865,40.65899976382821
484,HD 213240 b,HD 213240,Radial Velocity,0,882.70001,1.89,1.14,5.58,0.42,,,0,96.6,G0/1 V,1.51,1.57,22h31m00.15s,337.7506266,-49d26m02.77s,-49.4341037,40.8707,24.4385,6.65761,173.74712249015982
485,HD 213472 b,HD 213472,Radial Velocity,0,17000.0,13.0,1.17,3.5,0.53,,2459580.0,0,31.1,,1.43,1.05,22h30m49.68s,337.7069969,+40d43m20.02s,40.7222277,64.4527,15.4864,8.01189,649.2618130771612
488,HD 214823 b,HD 214823,Radial Velocity,0,1854.4,3.23,1.08,20.3,0.1641,,,0,285.47,G0,2.04,1.31,22h40m19.97s,340.0832062,+31d47m15.07s,31.7875183,101.368,9.8365,7.91589,471.6677947911991
495,HD 216435 b,HD 216435,Radial Velocity,0,1311.0,2.56,1.22,1.26,0.07,,,0,19.6,G0 V,1.8,1.3,22h53m38.27s,343.4094703,-48d35m55.08s,-48.5986332,32.9834,30.2896,5.88357,71.76860745827719
496,HD 216437 b,HD 216437,Radial Velocity,0,1334.28,2.497,1.19,2.223,0.317,,,0,39.08,G2/3IV,1.39,1.17,22h54m39.35s,343.6639631,-70d04m24.22s,-70.0733957,26.6902,37.438,5.89397,169.84315579265945
504,HD 217107 c,HD 217107,Radial Velocity,0,4270.0,5.32,1.18,2.6,0.517,,2460064.0,0,35.7,G8 IV,1.2,0.98,22h58m15.53s,344.5647243,-02d23m43.62s,-2.3954489,20.0619,49.817,5.96401,645.8855603353106
505,HD 217786 b,HD 217786,Radial Velocity,0,1319.0,2.38,1.1,13.0,0.4,,,0,261.0,F8 V,1.27,1.02,23h03m08.11s,345.7838088,-00d25m49.29s,-0.4303594,55.4847,17.9946,7.63573,519.5408514145661
506,HD 217850 b,HD 217850,Radial Velocity,0,3501.3,4.56,1.08,21.6,0.7621,,,0,439.0,G8 V,1.21,1.03,23h02m36.64s,345.6526588,+58d52m31.61s,58.8754484,65.7969,15.1744,8.32065,1386.5309593564298
508,HD 219077 b,HD 219077,Radial Velocity,0,5501.0,6.22,1.11,10.39,0.77,,,0,181.4,G8 V,1.91,1.05,23h14m07.67s,348.5319387,-62d42m06.59s,-62.7018297,29.1864,34.2337,5.91597,2006.1168513916061
514,HD 219134 h,HD 219134,Radial Velocity,0,2247.0,3.11,1.14,0.34,0.06,,2456761.0,0,6.1,K3 V,0.77,0.79,23h13m20.93s,348.3372026,+57d10m10.65s,57.1696255,6.53127,153.081,5.2402,195.2323526257186
518,HD 219828 c,HD 219828,Radial Velocity,0,4682.0,5.79,1.09,14.6,0.8102,,,0,270.7,G0 IV,1.61,1.18,23h18m46.73s,349.6947029,+18d38m44.71s,18.6457524,73.114,13.6489,7.88338,934.9858163758341
519,HD 220074 b,HD 220074,Radial Velocity,0,672.09998,1.6,1.09,16.64,0.14,,,0,230.8,M2 III,54.92,2.2,23h20m14.40s,350.0599827,+61d58m12.38s,61.9701062,324.54,3.05427,5.62737,43.448922205881786
521,HD 220689 b,HD 220689,Radial Velocity,0,2266.4,3.396,1.23,1.118,0.054,,,0,17.12,G3 V,1.07,1.02,23h25m52.97s,351.4707282,-20d37m00.45s,-20.6167923,46.8778,21.3033,7.59438,75.86684341545471
522,HD 220773 b,HD 220773,Radial Velocity,0,3724.7,4.94,1.21,1.45,0.51,,,0,20.0,F9,1.68,1.16,23h26m27.47s,351.6144715,+08d38m34.39s,8.6428871,50.5103,19.7694,6.94595,116.72485849040902
523,HD 220842 b,HD 220842,Radial Velocity,0,218.47,0.74,1.17,3.18,0.404,,,0,108.1,F8,1.42,1.13,23h26m36.82s,351.6534162,+56d53m13.71s,56.8871415,64.6498,15.4391,7.83398,30.72476838526795
524,HD 221287 b,HD 221287,Radial Velocity,0,456.1,1.25,1.17,3.09,0.08,,,0,71.0,F7 V,1.14,1.25,23h31m20.69s,352.836223,-58d12m35.11s,-58.209754,55.9231,17.8529,7.68153,52.70926661703948
525,HD 221420 b,HD 221420,Radial Velocity,0,10090.0,10.15,1.07,22.9,0.14,164.0,,0,48.5,G2 IV-V,1.95,1.35,23h33m19.66s,353.3319001,-77d23m07.18s,-77.3853286,31.1415,32.0826,5.65862,5251.548802952525
526,HD 221585 b,HD 221585,Radial Velocity,0,1173.0,2.306,1.21,1.61,0.123,,,0,27.9,G8 IV,1.85,1.19,23h32m55.05s,353.2293802,+63d09m20.21s,63.1556146,55.8535,17.8751,7.28128,53.33709173977365
528,HD 222155 b,HD 222155,Radial Velocity,0,3999.0,5.14,1.19,2.12,0.16,,,0,24.2,G2 V,1.85,1.21,23h38m00.61s,354.5025617,+48d59m45.67s,48.9960191,50.6078,19.7309,6.93563,173.6396577340682
529,HD 222582 b,HD 222582,Radial Velocity,0,572.38,1.34,1.12,8.37,0.73,,2453054.2,0,276.3,G5 V,1.13,1.12,23h41m51.38s,355.4640788,-05d59m10.46s,-5.9862379,42.1586,23.6913,7.51889,237.084630452488
530,HD 224538 b,HD 224538,Radial Velocity,0,1189.1,2.28,1.14,5.97,0.464,,,0,107.0,F9 IV/V,1.54,1.34,23h58m51.94s,359.7164302,-61d35m12.70s,-61.5868613,79.0608,12.6196,7.92192,130.26924684942531
534,HD 22781 b,HD 22781,Radial Velocity,0,528.07,1.167,1.1,13.65,0.8191,,,0,726.4,K1,0.74,0.75,03h40m49.57s,55.2065581,+31d49m33.19s,31.8258855,32.6034,30.6433,8.52445,619.0272519100315
535,HD 23079 b,HD 23079,Radial Velocity,0,730.59998,1.6,1.18,2.61,0.1,,,0,54.9,F9.5 V,1.07,1.12,03h39m42.77s,54.9281897,-52d54m58.44s,-52.9162344,33.4591,29.8583,6.96235,109.61091433966946
536,HD 23127 b,HD 23127,Radial Velocity,0,1211.17,2.37,1.21,1.527,0.406,,,0,27.72,G2 V,1.49,1.21,03h39m23.79s,54.8491271,-60d04m38.02s,-60.077229,93.8555,10.6258,8.42019,30.4143761901914
539,HD 233832 b,HD 233832,Radial Velocity,0,2058.0,2.827,1.2,1.78,0.359,,,0,38.29,G0,0.68,0.71,11h26m04.72s,171.5196515,+50d22m34.72s,50.3763099,58.742,16.9952,9.94557,115.08422802965224
540,HD 23596 b,HD 23596,Radial Velocity,0,1561.0,2.77,1.12,9.03,0.27,,,0,127.0,F8 V,1.53,1.47,03h48m00.45s,57.0018601,+40d31m50.63s,40.5307308,52.0018,19.2012,7.10356,337.65999329683933
542,HD 238914 b,HD 238914,Radial Velocity,0,4100.0,5.7,1.14,6.0,0.56,,,0,71.0,K7,12.73,1.47,18h38m20.21s,279.5842102,+59d15m13.97s,59.2538819,519.452,1.89666,8.497,42.75661697833358
545,HD 24040 b,HD 24040,Radial Velocity,0,3668.0,4.92,1.16,3.86,0.04,,2456932.0,0,47.4,G0 V,1.3,1.11,03h50m23.09s,57.5962104,+17d28m31.03s,17.4752873,46.6224,21.4203,7.33476,343.14954496001565
547,HD 24064 b,HD 24064,Radial Velocity,0,535.59998,1.29,1.1,12.89,0.35,,,0,251.0,K0,40.0,1.61,03h56m36.24s,59.1510071,+74d04m48.28s,74.0800789,300.247,3.30181,6.17839,38.50676860153867
549,HD 25015 b,HD 25015,Radial Velocity,0,6019.32,6.19,1.15,4.48,0.39,,,0,60.1,K1 V,0.83,0.86,03h57m44.05s,59.4335463,-20d16m02.40s,-20.2673347,37.433,26.6856,8.59876,818.1052138777923
550,HD 25171 b,HD 25171,Radial Velocity,0,1802.29,2.971,1.24,0.915,0.042,,,0,14.56,F8 V,1.23,1.08,03h55m49.79s,58.9574779,-65d11m10.77s,-65.1863239,55.6146,17.952,7.638,43.243357718556254
552,HD 26161 b,HD 26161,Radial Velocity,0,32000.0,20.4,1.1,13.5,0.82,,2460540.0,0,140.0,,1.46,1.13,04h09m38.93s,62.4122255,+31d39m08.76s,31.6524346,40.9128,24.4134,6.7427,5727.196763282648
555,HD 27442 b,HD 27442,Radial Velocity,0,428.1,1.271,1.21,1.56,0.06,,,0,32.2,K1/2III,3.18,1.23,04h16m28.93s,64.1205476,-59d18m10.36s,-59.3028771,18.2704,54.7051,4.14532,78.92655352277653
556,HD 27631 b,HD 27631,Radial Velocity,0,2198.14,3.242,1.21,1.494,0.141,,,0,24.51,G3 IV-V,0.92,0.94,04h19m45.41s,64.9392168,-41d57m38.38s,-41.9606604,50.2862,19.8573,8.08478,97.7852381899158
559,HD 27894 d,HD 27894,Radial Velocity,0,5174.0,5.448,1.14,5.415,0.389,,,0,79.76,K2 V,0.89,0.8,04h20m47.42s,65.1975693,-59d24m34.84s,-59.4096776,43.8214,22.791,9.06573,801.3513417908694
560,HD 27969 b,HD 27969,Radial Velocity,0,654.5,1.552,1.15,4.8,0.182,,,0,103.6,G0 V,1.27,1.16,04h26m49.64s,66.7068364,+42d54m31.39s,42.90872,67.9328,14.692,7.5139,90.13276287470627
561,HD 28185 b,HD 28185,Radial Velocity,0,379.0,1.02,1.14,5.9,0.05,,2455438.7,0,163.5,G5,1.03,1.02,04h26m26.41s,66.6100461,-10d33m03.87s,-10.5510754,39.3809,25.3642,7.62682,144.65900159857506
562,HD 28254 b,HD 28254,Radial Velocity,0,1116.0,2.15,1.22,1.16,0.81,,,0,37.3,G1 IV/V,1.48,1.06,04h24m50.60s,66.2108141,-50d37m22.11s,-50.6228081,55.2884,18.0581,7.49977,40.56479390693144
566,HD 29021 b,HD 29021,Radial Velocity,0,1362.3,2.28,1.18,2.4,0.459,,,0,56.4,G5,0.85,0.85,04h37m52.35s,69.4681379,+60d40m34.67s,60.6762985,30.9939,32.2355,7.58565,198.1180501204066
567,HD 290327 b,HD 290327,Radial Velocity,0,2443.0,3.43,1.18,2.43,0.08,,,0,41.3,G8 V,0.95,0.84,05h23m21.60s,80.8399887,-02d16m40.94s,-2.2780391,56.433,17.6913,8.80364,163.9038334677446
568,HD 29399 b,HD 29399,Radial Velocity,0,892.7,1.913,1.21,1.57,0.05,,,0,29.9,K1 III,4.5,1.17,04h33m33.68s,68.3903471,-62d49m25.53s,-62.8237576,44.1518,22.6204,5.50503,55.4690417981843
570,HD 30177 b,HD 30177,Radial Velocity,0,2527.83,3.704,1.12,8.622,0.162,,,0,125.98,G8 V,1.02,1.05,04h41m54.50s,70.4770964,-58d01m14.91s,-58.0208085,55.5867,17.9611,8.21511,520.510186776704
571,HD 30177 c,HD 30177,Radial Velocity,0,11613.0,9.89,1.13,7.6,0.22,,,0,70.8,G8 V,1.18,0.99,04h41m54.50s,70.4770964,-58d01m14.91s,-58.0208085,55.5867,17.9611,8.21511,1318.667723113123
572,HD 30562 b,HD 30562,Radial Velocity,0,1157.0,2.34,1.22,1.22,0.76,,,0,33.7,F8 V,1.61,1.12,04h48m36.71s,72.1529519,-05d40m30.41s,-5.6751152,26.1597,38.1981,5.61828,89.03422728500672
581,HD 32963 b,HD 32963,Radial Velocity,0,2372.0,3.41,1.25,0.7,0.07,,2455371.0,0,11.1,G5,1.11,0.94,05h07m55.68s,76.9820146,+26d19m39.65s,26.3276805,38.0786,26.2328,7.42756,63.65435799959543
583,HD 331093 b,HD 331093,Radial Velocity,0,621.62,1.44,1.21,1.5,0.59,0.37,,0,43.65,K0,1.11,1.03,19h42m28.80s,295.6200054,+31d44m22.36s,31.7395451,50.1928,19.8943,8.19105,39.871385430195936
585,HD 33142 c,HD 33142,Radial Velocity,0,834.0,,1.14,5.97,0.05,,,0,11.4,K0 III,4.14,1.62,05h07m35.53s,76.8980559,-13d59m10.81s,-13.9863374,121.375,8.21025,7.71274,59.0244797040951
587,HD 33564 b,HD 33564,Radial Velocity,0,388.0,1.1,1.12,9.1,0.34,,,0,232.0,F6 V,1.44,1.25,05h22m33.10s,80.6378979,+79d13m54.66s,79.2318488,20.9531,47.6977,4.97155,371.9581703903093
590,HD 34445 b,HD 34445,Radial Velocity,0,1049.0,2.07,1.24,0.82,0.27,,2454809.0,0,15.7,G0 V,1.38,1.14,05h17m40.98s,79.4207483,+07d21m09.78s,7.3527156,46.0907,21.6675,7.14947,31.44373487489156
595,HD 34445 g,HD 34445,Radial Velocity,0,5700.0,6.36,1.21,0.38,0.032,,,0,4.08,G0 V,1.38,1.07,05h17m40.98s,79.4207483,+07d21m09.78s,7.3527156,46.0907,21.6675,7.14947,46.98048274588933
600,HD 37124 c,HD 37124,Radial Velocity,0,885.5,1.71,1.25,0.652,0.125,,2454937.0,0,15.4,G4 V,0.95,0.85,05h37m02.40s,84.2599947,+20d43m44.32s,20.7289784,31.6634,31.5536,7.47238,39.532675834748254
601,HD 37124 d,HD 37124,Radial Velocity,0,1862.0,2.807,1.25,0.696,0.16,,2454455.0,0,12.8,G4 V,0.95,0.85,05h37m02.40s,84.2599947,+20d43m44.32s,20.7289784,31.6634,31.5536,7.47238,69.26471390327019
603,HD 37605 c,HD 37605,Radial Velocity,0,2720.0,3.74,1.17,3.19,0.03,,,0,48.51,K0,0.91,0.94,05h40m01.78s,85.0074276,+06d03m34.24s,6.0595116,46.7864,21.345,8.46192,258.6534209363739
607,HD 38529 c,HD 38529,Radial Velocity,0,2136.1,3.64,1.1,12.99,0.3407,,2454612.6,0,172.4,G4 IV,2.56,1.41,05h46m34.83s,86.6451363,+01d10m03.31s,1.1675866,42.3538,23.5819,5.74796,755.7965484071285
608,HD 38801 b,HD 38801,Radial Velocity,0,685.25,1.623,1.11,9.698,0.017,,,0,197.29,K0,2.03,1.21,05h47m59.12s,86.9963141,-08d19m40.89s,-8.3280256,91.4349,10.908,8.03397,135.63310994528524
609,HD 39091 b,HD 39091,Radial Velocity,0,2093.07,3.1,1.1,12.9,0.637,50.8,,0,192.6,G0 V,1.1,1.09,05h37m11.83s,84.2992798,-80d27m52.57s,-80.4646041,18.2702,54.7052,5.5128,2037.8443387624752
620,HD 40979 b,HD 40979,Radial Velocity,0,264.14999,0.85,1.15,4.67,0.25,,2452405.1,0,119.4,F8 V,1.21,1.45,06h04m30.08s,91.1253346,+44d15m35.23s,44.2597855,34.0883,29.3067,6.59963,82.24691527944506
621,HD 41004 A b,HD 41004 A,Radial Velocity,0,963.0,,1.18,2.54,0.74,,,0,99.0,K1/K2 V,0.85,0.95,05h59m49.58s,89.9566041,-48d14m21.91s,-48.2394189,36.69117,27.2545,,130.50497743720643
623,HD 4113 b,HD 4113,Radial Velocity,0,526.62,1.28,1.21,1.56,0.903,,,0,97.1,G5,1.08,0.99,00h43m12.66s,10.8027515,-37d58m59.25s,-37.9831248,41.8727,23.8531,7.71051,45.69355214819496
624,HD 42012 b,HD 42012,Radial Velocity,0,857.5,1.67,1.21,1.6,0.2,,,0,39.0,K0,0.82,0.83,06h09m56.51s,92.485473,+34d08m03.02s,34.1341722,36.7984,27.1464,8.22949,83.01339750648484
626,HD 4203 c,HD 4203,Radial Velocity,0,6700.0,6.95,1.19,2.17,0.24,,2453780.0,0,22.2,G5,1.5,0.99,00h44m41.33s,11.1722288,+20d26m54.21s,20.4483925,81.3795,12.2595,8.51545,178.2341359060908
627,HD 4208 b,HD 4208,Radial Velocity,0,832.97,1.662,1.24,0.81,0.042,,2452114.0,0,19.03,G7 V Fe-1 CH-0.5,0.85,0.88,00h44m27.01s,11.1125532,-26d30m54.14s,-26.5150392,34.1937,29.2163,7.61066,42.66350232521474
636,HD 45350 b,HD 45350,Radial Velocity,0,963.6,1.92,1.2,1.79,0.778,,2453802.1,0,58.0,G5 V,1.26,0.98,06h28m45.65s,97.1902262,+38d57m45.83s,38.9627315,46.8733,21.3056,7.7,70.54414561829294
644,HD 4732 c,HD 4732,Radial Velocity,0,2732.0,4.6,1.19,2.37,0.23,,,0,24.4,K0 IV,5.4,1.74,00h49m14.04s,12.3085089,-24d08m12.87s,-24.1369079,54.7841,18.2248,5.6509,109.1778326940983
647,HD 47536 b,HD 47536,Radial Velocity,0,712.13,1.93,1.13,7.32,0.2,,,0,113.0,K1 III,23.47,2.1,06h37m47.75s,99.448958,-32d20m22.03s,-32.3394531,122.536,8.13352,4.88004,54.270067825759575
652,HD 50499 b,HD 50499,Radial Velocity,0,2447.1,3.833,1.2,1.636,0.266,,2455005.0,0,21.99,G1 V,1.35,1.25,06h52m01.94s,103.008075,-33d54m54.96s,-33.915267,46.2845,21.5765,7.0564,103.33847459196605
653,HD 50499 c,HD 50499,Radial Velocity,0,8619.9,9.02,1.17,2.93,0.0,,2452710.0,0,24.23,G1 V,1.42,1.31,06h52m01.94s,103.008075,-33d54m54.96s,-33.915267,46.2845,21.5765,7.0564,415.2782497532326
654,HD 50554 b,HD 50554,Radial Velocity,0,1293.0,2.353,1.15,4.954,0.501,,2453200.5,0,104.0,F8 V,1.02,1.04,06h54m42.79s,103.678273,+24d14m42.51s,24.2451409,31.1664,32.057,6.69786,343.3463889195944
661,HD 55696 b,HD 55696,Radial Velocity,0,1827.0,3.18,1.16,3.87,0.705,,,0,76.7,G0 V,1.52,1.29,07h12m14.93s,108.0622029,-38d10m28.70s,-38.174639,77.9693,12.7967,7.81135,116.94268919668106
663,HD 5608 b,HD 5608,Radial Velocity,0,779.9,1.911,1.2,1.681,0.056,,,0,28.0,K0,5.14,1.53,00h58m14.26s,14.5594349,+33d57m02.08s,33.9505774,58.1105,17.1801,5.72695,34.485080143558534
666,HD 59686 A b,HD 59686 A,Radial Velocity,0,299.36,1.086,1.13,6.92,0.05,,,0,136.9,K2 III,13.2,1.9,07h31m48.45s,112.9518629,+17d05m08.59s,17.0857195,89.2721,11.1741,5.13228,42.244507287459506
669,HD 60532 c,HD 60532,Radial Velocity,0,600.1,1.6,1.18,2.51,0.03,,,0,46.1,F6 IV,2.57,1.5,07h34m03.14s,113.5130656,-22d17m45.12s,-22.2958661,25.9716,38.4773,4.30793,98.027876781358
670,HD 62509 b,HD 62509,Radial Velocity,0,589.64,1.64,1.19,2.3,0.02,,,0,41.0,K0IIIvar,8.9,2.0,07h45m18.92s,116.328824,+28d01m34.06s,28.026127,10.34,96.74,,184.07647609216696
677,HD 65216 b,HD 65216,Radial Velocity,0,577.6,1.301,1.22,1.295,0.27,,,0,35.7,G5 V,0.88,0.87,07h53m41.03s,118.4209646,-63d38m48.08s,-63.6466892,35.1205,28.4445,7.7943,52.42447373221462
678,HD 65216 c,HD 65216,Radial Velocity,0,5370.0,5.75,1.19,2.03,0.17,,,0,26.0,G5 V,0.89,0.87,07h53m41.03s,118.4209646,-63d38m48.08s,-63.6466892,35.1205,28.4445,7.7943,363.34998580077007
679,HD 66141 b,HD 66141,Radial Velocity,0,480.5,1.2,1.14,6.0,0.07,,,0,146.2,K2 III,21.4,1.1,08h02m15.91s,120.5662825,+02d20m06.10s,2.3350265,68.1509,14.6704,3.97926,94.68909210229285
680,HD 66428 b,HD 66428,Radial Velocity,0,2263.12,3.467,1.17,3.204,0.493,,2456562.0,0,54.03,G8 IV (+ G),1.1,1.08,08h03m28.60s,120.8691654,-01d09m48.97s,-1.1636019,53.2817,18.7398,8.08142,183.96003809962468
681,HD 66428 c,HD 66428,Radial Velocity,0,39000.0,23.0,1.07,27.0,0.32,,2445900.0,0,150.0,G8 IV (+ G),1.17,1.05,08h03m28.60s,120.8691654,-01d09m48.97s,-1.1636019,53.2817,18.7398,8.08142,10538.748747020174
682,HD 67087 b,HD 67087,Radial Velocity,0,352.2,1.08,1.17,3.06,0.17,,,0,73.6,F8 V,1.55,1.36,08h07m39.74s,121.9155672,+31d33m04.16s,31.5511553,76.5217,13.0396,7.92235,30.35220757435833
683,HD 67087 c,HD 67087,Radial Velocity,0,2374.0,3.86,1.15,4.85,0.76,,,0,93.3,F8 V,1.55,1.36,08h07m39.74s,121.9155672,+31d33m04.16s,31.5511553,76.5217,13.0396,7.92235,171.66094136956866
684,HD 6718 b,HD 6718,Radial Velocity,0,2496.0,3.55,1.2,1.68,0.1,,,0,24.1,G5 V,0.95,1.08,01h07m48.86s,16.9536005,-08d14m01.02s,-8.2336165,51.3444,19.4476,8.28147,106.85214011141427
685,HD 68402 b,HD 68402,Radial Velocity,0,1103.0,2.18,1.17,3.07,0.03,,,0,54.7,G5 IV/V,1.02,1.12,08h05m23.39s,121.3474609,-74d24m36.26s,-74.4100732,78.4293,12.7214,8.95443,72.38549480024761
687,HD 68988 c,HD 68988,Radial Velocity,0,16000.0,13.2,1.09,15.0,0.45,,2451660.0,0,121.0,G2 V,1.26,1.17,08h18m22.45s,124.5935429,+61d27m39.07s,61.4608518,60.8447,16.4066,8.04611,2633.768433804764
688,HD 69123 b,HD 69123,Radial Velocity,0,1193.3,2.482,1.17,3.04,0.19,,,0,46.8,K1 III,7.72,1.68,08h14m13.20s,123.55499,-35d29m23.73s,-35.4899246,75.116,13.2843,5.49555,60.18955834625601
692,HD 70573 b,HD 70573,Radial Velocity,0,851.8,1.76,1.14,6.1,0.4,,,0,148.5,G1-1.5 V,0.98,1.0,08h22m49.90s,125.7079153,+01d51m32.79s,1.8591088,59.182,16.8683,8.54261,173.0287503925628
693,HD 70642 b,HD 70642,Radial Velocity,0,2124.54,3.318,1.19,1.993,0.175,,,0,30.4,G5,0.98,1.08,08h21m27.87s,125.3661079,-39d42m16.00s,-39.7044432,29.276,34.1287,6.99211,199.66848258522862
696,HD 72659 b,HD 72659,Radial Velocity,0,3658.0,4.75,1.16,3.85,0.22,,2457164.0,0,41.0,G2 V,1.46,1.43,08h34m03.07s,128.5128072,-01d34m07.08s,-1.5686323,51.8949,19.241,7.3107,259.235413220024
698,HD 73267 b,HD 73267,Radial Velocity,0,1245.36,2.187,1.17,3.097,0.23,,,0,64.65,G5 V,0.91,0.9,08h36m17.64s,129.0735123,-34d27m34.01s,-34.4594469,50.4093,19.8087,8.67835,142.52308060350833
701,HD 73534 b,HD 73534,Radial Velocity,0,1750.0,2.99,1.23,1.112,0.126,,,0,17.11,G5,2.58,1.16,08h39m15.68s,129.8153421,+12d57m35.89s,12.9599703,83.3321,11.9716,7.95707,32.79183065848125
703,HD 74156 c,HD 74156,Radial Velocity,0,2473.0,3.85,1.12,8.06,0.432,,2457109.7,0,116.5,G0,1.51,1.24,08h42m25.15s,130.6047813,+04d34m38.04s,4.5772338,57.603,17.3315,7.46934,414.1693913872436
707,HD 75784 c,HD 75784,Radial Velocity,0,7900.0,8.4,1.14,5.64,0.489,,,0,56.5,G5,3.4,1.26,08h52m23.81s,133.0992289,+13d13m59.00s,13.2330548,85.4321,11.677,7.5599,419.35537119437936
708,HD 75898 b,HD 75898,Radial Velocity,0,422.9,1.191,1.18,2.71,0.11,,,0,63.39,G0,1.58,1.26,08h53m50.69s,133.4611999,+33d03m24.08s,33.0566885,78.0505,12.7836,7.89597,31.327437967958897
716,HD 79498 b,HD 79498,Radial Velocity,0,1807.0,2.98,1.22,1.34,0.575,,,0,26.0,G5,1.05,1.08,09h15m09.26s,138.7885794,+23d22m29.57s,23.3748792,48.9489,20.401,7.8859,72.07831762642098
718,HD 80869 b,HD 80869,Radial Velocity,0,1711.7,2.878,1.15,4.86,0.862,,,0,151.9,G1 V,1.06,1.08,09h23m09.91s,140.7912931,+33d54m17.39s,33.9048294,85.3951,11.6821,8.33173,144.53036198382108
719,HD 81040 b,HD 81040,Radial Velocity,0,1001.70001,1.94,1.13,7.27,0.53,,,0,168.0,G2/G3,0.91,1.05,09h23m46.92s,140.9455027,+20d21m52.59s,20.3646078,34.4341,29.0122,7.55543,382.2355037045388
721,HD 81817 b,HD 81817,Radial Velocity,0,1047.1,3.3,1.06,27.1,0.17,,,0,211.4,K3 III,83.8,4.3,09h37m05.18s,144.2715659,+81d19m34.71s,81.3263096,269.126,3.71783,3.80122,73.35782554043743
723,HD 82943 b,HD 82943,Radial Velocity,0,441.47,1.18306,1.2,1.681,0.162,90.0,2455114.6,0,41.91,G2/3V,1.18,1.08,09h34m50.74s,143.7114034,-12d07m49.07s,-12.1302976,27.5902,36.2158,6.38964,62.69279577428094
724,HD 82943 c,HD 82943,Radial Velocity,0,220.078,0.74345,1.2,1.959,0.3663,90.0,2455135.17,0,65.4,G2/3V,1.18,1.08,09h34m50.74s,143.7114034,-12d07m49.07s,-12.1302976,27.5902,36.2158,6.38964,45.93403729758453
733,HD 86264 b,HD 86264,Radial Velocity,0,1475.0,2.86,1.13,7.0,0.7,,,0,132.0,F7 V,1.88,1.42,09h56m57.82s,149.2409308,-15d53m43.44s,-15.8953993,67.8107,14.7184,7.28372,197.79808389654423
734,HD 8673 b,HD 8673,Radial Velocity,0,1634.0,3.02,1.1,14.2,0.723,,,0,288.0,F5,1.5,1.28,01h26m09.08s,21.5378455,+34d34m45.62s,34.5793389,37.8619,26.3829,6.2242,824.5186838054024
737,HD 87883 b,HD 87883,Radial Velocity,0,2754.0,3.58,1.21,1.54,0.53,,2454589.0,0,34.7,K0,0.79,0.66,10h08m43.06s,152.1794175,+34d14m31.19s,34.2419984,18.2912,54.6421,7.27194,407.67274319690694
739,HD 89307 b,HD 89307,Radial Velocity,0,2166.0,3.27,1.19,2.11,0.2,,,0,28.9,G0,1.1,1.27,10h18m21.00s,154.5874958,+12d37m15.38s,12.6209392,32.0104,31.211,6.86817,175.78466236820947
740,HD 89744 b,HD 89744,Radial Velocity,0,256.78,0.917,1.12,8.35,0.677,,,0,269.66,F7 V,2.13,1.86,10h22m10.40s,155.5433193,+41d13m44.17s,41.2289354,38.6364,25.8537,5.60551,107.84709272085789
743,HD 92788 b,HD 92788,Radial Velocity,0,325.803,0.97,1.16,3.76,0.35,,2450581.2,0,108.24,G6 V,1.14,1.15,10h42m48.51s,160.7021351,-02d11m04.98s,-2.1847173,34.6538,28.8281,7.13929,87.4369357273117
744,HD 92788 c,HD 92788,Radial Velocity,0,11611.2975,10.5,1.16,3.67,0.46,,2450140.0,0,33.29,G6 V,1.14,1.15,10h42m48.51s,160.7021351,-02d11m04.98s,-2.1847173,34.6538,28.8281,7.13929,924.251555691314
745,HD 92987 b,HD 92987,Radial Velocity,0,10354.8375,9.62,1.09,16.88,0.21,,,0,152.7,G2/G3 V,1.58,1.08,10h43m36.30s,160.9012407,-39d03m30.19s,-39.0583857,43.5339,22.9417,6.85987,3269.2219474890817
752,HD 94834 b,HD 94834,Radial Velocity,0,1576.0,2.74,1.22,1.26,0.14,,,0,20.7,K0,4.2,1.11,10h57m15.03s,164.3126363,+24d08m34.57s,24.1429374,98.1609,10.1591,7.30241,30.292887565523433
754,HD 95089 c,HD 95089,Radial Velocity,0,1785.0,3.33,1.17,3.45,0.284,,,0,45.1,G8/K0 IV,5.08,1.54,10h58m47.70s,164.698748,+01d43m44.43s,1.7290087,136.957,7.27501,7.66056,51.92775592837218
757,HD 95544 b,HD 95544,Radial Velocity,0,2172.0,3.386,1.13,6.84,0.043,,,0,101.5,G3 V,1.09,1.09,11h05m17.56s,166.3231784,+81d02m20.35s,81.0389868,87.8049,11.36,8.210671,230.4513875423321
758,HD 95735 c,GJ 411,Radial Velocity,0,3190.0,3.1,0.396,0.0568,0.14,,2457440.0,0,1.49,M1.5 V,0.37,0.39,11h03m20.27s,165.834471,+35d58m20.34s,35.972317,5.675773,392.4,,75.89745688848275
759,HD 95872 b,HD 95872,Radial Velocity,0,4375.0,5.15,1.16,3.74,0.06,,,0,59.0,K0 V,0.84,0.7,11h03m27.81s,165.8658796,-22d05m39.59s,-22.0943303,72.2195,13.8178,9.65278,328.26419071498105
769,HD 98649 b,HD 98649,Radial Velocity,0,6022.9725,6.57,1.13,6.79,0.86,,,0,140.1,G3/G5 V,1.01,1.03,11h20m51.54s,170.2147665,-23d13m05.18s,-23.2181063,42.1727,23.6832,7.82889,976.2790434336124
770,HD 98736 b,HD 98736,Radial Velocity,0,968.8,1.864,1.19,2.33,0.226,,,0,52.0,G5,0.93,0.92,11h21m49.18s,170.4549045,+18d11m22.59s,18.1896082,32.4459,30.7918,7.75446,138.86094388065447
775,HD 99706 c,HD 99706,Radial Velocity,0,1278.0,,1.14,5.69,0.411,,,0,13.8,K0,5.4,1.72,11h28m30.28s,172.1261621,+43d57m58.33s,43.9662025,146.6,6.79293,7.37747,59.48393001272533
776,HIP 105854 b,HIP 105854,Radial Velocity,0,184.2,0.81,1.12,8.2,0.02,,,0,178.1,K2 III,10.31,2.1,21h26m23.09s,321.5962275,-37d49m46.12s,-37.8294782,78.6381,12.6896,5.28614,38.4574799472016
779,HIP 109384 b,HIP 109384,Radial Velocity,0,499.48,1.134,1.21,1.56,0.549,,,0,56.53,G5,0.83,0.78,22h09m38.15s,332.408972,+71d18m50.24s,71.313956,58.9582,16.9323,9.387981,36.72393707015555
780,HIP 109600 b,HIP 109600,Radial Velocity,0,232.08,0.706,1.18,2.68,0.163,,,0,98.6,G5,0.97,0.87,22h12m06.50s,333.027079,+29d03m58.35s,29.0662082,66.3361,15.046,9.003861,31.276414041546996
781,HIP 114933 b,HIP 114933,Radial Velocity,0,1481.6,2.84,1.2,1.94,0.21,,,0,28.4,K0 III,5.27,1.39,23h16m49.73s,349.2071949,-21d12m11.92s,-21.2033101,101.766,9.7979,6.97658,37.161751129285705
789,HIP 38594 c,HIP 38594,Radial Velocity,0,3477.768,3.805,0.708,0.15228,0.16,,,0,2.89,M0,0.63,0.61,07h54m10.54s,118.5439118,-25d18m08.31s,-25.3023073,17.7886,56.1868,9.08528,51.038907306850135
793,HIP 5158 c,HIP 5158,Radial Velocity,0,9017.76,7.7,1.09,15.04,0.14,,,0,170.54,,0.75,0.78,01h06m02.28s,16.5094891,-22d27m13.01s,-22.4536134,51.6026,19.35,9.80235,2783.975825995334
796,HIP 56640 b,HIP 56640,Radial Velocity,0,2574.9,3.73,1.16,3.67,0.12,,,0,53.3,K1 III,4.93,1.04,11h36m48.21s,174.2008941,-37d02m20.89s,-37.0391349,122.324,8.14632,7.64993,102.57907801055501
804,HIP 65891 b,HIP 65891,Radial Velocity,0,1084.5,2.81,1.14,6.0,0.13,,,0,64.9,K0 III,8.93,2.5,13h30m25.22s,202.6050857,-58d39m51.82s,-58.6643937,150.292,6.62493,6.48224,42.739382649360884
805,HIP 67537 b,HIP 67537,Radial Velocity,0,2556.5,4.91,1.11,11.1,0.59,,,0,112.7,K1 III,8.69,2.41,13h50m19.40s,207.5808445,-39d54m03.24s,-39.9008996,116.046,8.58881,6.17087,185.86537627575598
807,HIP 67851 c,HIP 67851,Radial Velocity,0,2131.8,3.82,1.14,6.3,0.17,,,0,69.0,K0 III,5.92,1.63,13h53m51.69s,208.465364,-35d18m52.75s,-35.3146536,64.1181,15.5674,5.89329,219.5258439132508
808,HIP 70849 b,HIP 70849,Radial Velocity,0,17337.5,20.25,1.12,9.0,0.715,,,0,235.0,K7 V,0.63,0.63,14h29m18.50s,217.3270762,-46d27m52.86s,-46.464684,24.0572,41.5387,9.69796,6370.612483422026
810,HIP 74890 b,HIP 74890,Radial Velocity,0,822.3,2.1,1.18,2.4,0.07,,,0,36.5,K1 III,5.77,1.74,15h18m17.16s,229.5714974,-41d25m15.95s,-41.4210961,78.6562,12.6848,6.75234,34.584814612165744
811,HIP 75092 b,HIP 75092,Radial Velocity,0,926.4,2.02,1.2,1.79,0.42,,,0,34.8,K0 III,4.53,1.28,15h20m41.38s,230.1724206,-25d59m27.79s,-25.9910525,81.6696,12.2161,6.82953,33.00689362638098
812,HIP 79431 b,HIP 79431,Radial Velocity,0,111.7,0.36,1.19,2.1,0.29,,,0,149.5,M3 V,0.48,0.49,16h12m41.82s,243.1742467,-18d52m35.13s,-18.8764247,14.5324,68.7833,10.2351,100.74104482651566
813,HIP 8541 b,HIP 8541,Radial Velocity,0,1560.2,2.8,1.14,5.5,0.16,,,0,87.4,K2 III/IV,7.83,1.17,01h50m06.53s,27.5271962,-54d27m54.59s,-54.4651633,155.121,6.41777,7.56075,80.2493517690986
818,HIP 97233 b,HIP 97233,Radial Velocity,0,1058.8,2.55,1.08,20.0,0.61,,,0,320.1,K0,5.34,1.93,19h45m41.31s,296.4221207,-00d41m48.77s,-0.6968794,102.275,9.74888,7.07025,244.8225536988695
819,HR 5183 b,HR 5183,Radial Velocity,0,27000.0,18.0,1.17,3.23,0.84,,2458960.0,0,38.25,G0 V,1.53,1.07,13h46m56.59s,206.7357992,+06d20m59.64s,6.3498994,31.4607,31.7568,6.17464,1650.0881172631543
820,HR 810 b,HR 810,Radial Velocity,0,302.79999,0.92,1.19,2.27,0.14,,,0,57.1,G0V,1.13,1.34,02h42m34.01s,40.6417178,-50d47m57.65s,-50.7993484,17.3181,57.7143,5.25587,90.8474677895937
824,KELT-6 c,KELT-6,Radial Velocity,0,1276.0,2.39,1.16,3.71,0.21,,,0,65.7,F8,1.53,1.13,13h03m55.64s,195.9818362,+30d38m24.52s,30.640145,240.726,4.1255,10.1934,31.221390394632074
826,Kepler-129 d,Kepler-129,Radial Velocity,0,2646.0,4.0,1.12,8.3,0.15,,,0,106.0,G4 V,1.65,1.18,19h01m14.68s,285.3111845,+47d50m54.52s,47.8484775,408.845,2.41732,11.6437,64.97472705484978
830,Kepler-407 c,Kepler-407,Radial Velocity,0,3000.0,,1.1,12.6,,,,0,164.0,,1.01,1.0,19h04m08.71s,286.0363025,+49d36m52.21s,49.6145027,338.368,2.92662,12.5074,144.7044145396084
839,Kepler-93 c,Kepler-93,Radial Velocity,0,1460.0,,,3.0,,,,0,60.0,,0.92,0.91,19h25m40.35s,291.4181275,+38d40m20.32s,38.6723124,95.9115,10.3974,9.86249,80.08381118429364
840,Kepler-94 c,Kepler-94,Radial Velocity,0,820.3,,1.11,9.836,,,,0,262.7,M0 V,0.76,0.81,18h44m46.74s,281.1947316,+47d29m50.14s,47.4972606,191.904,5.1821,12.8567,96.56343045178245
851,Pr0211 c,Pr0211,Radial Velocity,0,4850.0,5.5,1.12,7.79,0.71,,,0,138.0,,0.83,0.94,08h42m11.46s,130.547744,+19d16m37.05s,19.276957,182.714,5.44431,11.9281,237.82712077318376
870,WASP-53 c,WASP-53,Radial Velocity,0,2840.0,3.73,,16.35,0.8369,,,0,475.6,,0.8,0.84,02h07m38.20s,31.9091639,-20d39m42.63s,-20.661843,201.338,4.9381,12.3473,341.7467979203177
871,WASP-8 c,WASP-8,Radial Velocity,0,4323.0,5.28,1.12,9.45,0.0,,,0,115.0,G8 V,0.99,1.04,23h59m36.21s,359.9008737,-35d01m52.81s,-35.0313349,89.9606,11.0873,9.61249,507.34172217090696
881,alf Ari b,alf Ari,Radial Velocity,0,380.8,1.2,1.2,1.8,0.25,,,0,41.1,K2III,13.9,1.5,02h07m10.39s,31.793286,+23d27m44.72s,23.462421,20.21019,49.48,,66.71020590480394
882,alf Tau b,alf Tau,Radial Velocity,0,628.96,1.46,1.13,6.47,0.1,,,0,142.1,K5 III,45.1,1.13,04h35m55.24s,68.980174,+16d30m33.12s,16.509201,20.4332,48.94,,400.2678069715742
883,bet Cnc b,bet Cnc,Radial Velocity,0,605.2,1.7,1.12,7.8,0.08,,,0,133.0,K4 III,47.2,1.7,08h16m30.87s,124.1286379,+09d11m07.19s,9.1853306,89.0472,11.23,3.04628,82.19792263151118
884,bet Pic c,bet Pic,Radial Velocity,0,1200.0,2.7,1.12,9.0,0.24,90.0,,0,,A5V,2.01,1.75,05h47m17.10s,86.8212337,-51d03m58.13s,-51.066148,19.7442,50.6231,3.82015,662.1934905204683
885,bet UMi b,bet UMi,Radial Velocity,0,522.3,1.4,1.14,6.1,0.19,,,0,126.1,K4 III,38.3,1.4,14h50m42.36s,222.676495,+74d09m19.97s,74.155548,38.77472,25.79,,152.310136810622
886,eps CrB b,eps CrB,Radial Velocity,0,417.9,1.3,1.13,6.7,0.11,,,0,129.4,K2 III,21.0,1.7,15h57m35.16s,239.3965057,+26d52m39.42s,26.8776171,69.8683,14.2898,3.75773,70.30130204195501
887,eps Eri b,eps Eri,Radial Velocity,0,2690.0,3.5,1.24,0.78,0.07,89.0,2457388.0,0,18.5,K2.0V,0.76,0.78,03h32m54.82s,53.2284306,-09d27m29.42s,-9.4581715,3.2026,312.219,3.47719,1038.60404362712
888,eps Ind A b,eps Ind A,Radial Velocity,0,16510.0,11.55,1.17,3.25,0.26,64.25,,0,29.22,K2 V,0.78,0.75,22h03m29.14s,330.8714021,-56d47m48.85s,-56.7969023,3.63857,274.805,4.34562,13106.787725138673
889,eps Tau b,eps Tau,Radial Velocity,0,594.9,1.93,1.13,7.6,0.151,,,0,95.9,K0 III,13.7,2.7,04h28m37.12s,67.1546573,+19d10m49.00s,19.1802782,47.52852,21.04,3.27298,108.9764424661348
890,gam 1 Leo b,gam 1 Leo,Radial Velocity,0,428.5,1.19,1.12,8.78,0.144,,,0,208.3,K1 IIIb Fe-0.5,31.88,1.23,10h19m58.37s,154.993208,+19d50m29.00s,19.841389,39.8883,25.07,,203.5944439302332
891,gam Cep b,gam Cep,Radial Velocity,0,903.3,2.05,1.12,9.4,0.049,,,0,31.1,K1 IV,4.9,1.4,23h39m20.60s,354.8358233,+77d37m59.16s,77.6331009,14.1024,70.91,2.92627,929.8020514645024
893,gam Lib c,gam Lib,Radial Velocity,0,964.6,2.17,1.15,4.58,0.057,,,0,73.0,K0 III,11.1,1.47,15h35m31.65s,233.8818636,-14d47m22.21s,-14.789502,47.4017,21.0823,3.64937,136.30486604181192
894,gam Psc b,gam Psc,Radial Velocity,0,555.1,1.32,1.22,1.34,0.204,,,0,34.0,G7 III,11.2,0.99,23h17m10.72s,349.2946794,+03d16m56.52s,3.2823664,41.3107,24.1899,3.41425,41.20527158337547
895,iot Dra b,iot Dra,Radial Velocity,0,511.098,1.275,1.12,8.82,0.7124,,,0,307.6,K2 III,12.57,1.05,15h24m55.76s,231.2323227,+58d57m58.11s,58.9661403,31.32832,31.92,2.96828,325.45756997027
896,kap CrB b,kap CrB,Radial Velocity,0,1285.0,2.65,1.19,2.0,0.167,60.0,,0,26.18,K0 III-IV,4.85,1.5,15h51m13.92s,237.8080012,+35d39m21.17s,35.6558818,30.0651,33.2328,4.52428,112.09728931283279
897,mu Leo b,mu Leo,Radial Velocity,0,357.8,1.1,1.18,2.4,0.09,,,0,52.0,K2 III,11.4,1.5,09h52m45.57s,148.1898673,+26d00m24.17s,26.0067142,32.6081,30.6493,3.52769,52.88570227896646
898,nu Oph b,nu Oph,Radial Velocity,0,530.21,1.79,1.07,22.206,0.124,90.0,,0,288.26,K0 III,14.6,2.7,17h59m01.58s,269.7566013,-09d46m26.88s,-9.7741342,46.2107,21.64,3.09653,303.29859252199196
899,nu Oph c,nu Oph,Radial Velocity,0,3184.83,5.931,1.07,24.662,0.18,90.0,,0,176.73,K0 III,14.6,2.7,17h59m01.58s,269.7566013,-09d46m26.88s,-9.7741342,46.2107,21.64,3.09653,1113.065157103742
902,omi UMa b,omi UMa,Radial Velocity,0,1630.0,3.9,1.16,4.1,0.13,,,0,33.6,G5 III,14.1,3.09,08h30m15.59s,127.5649503,+60d43m03.74s,60.7177048,54.9149,18.21,3.14432,91.06107760250248
903,psi 1 Dra B b,psi 1 Dra B,Radial Velocity,0,3117.0,4.43,1.21,1.53,0.4,,,0,21.0,G0 V,1.26,1.19,17h41m58.22s,265.4925754,+72d09m20.56s,72.1557114,22.7188,43.9875,5.64766,239.06668571540123
911,tau Gem b,tau Gem,Radial Velocity,0,305.5,1.17,1.08,20.6,0.031,,,0,350.2,K2 III,26.8,2.3,07h11m08.33s,107.7847232,+30d14m41.84s,30.2449545,112.537,8.87786,4.03996,89.02539479803396
913,ups And c,ups And,Radial Velocity,0,241.258,0.827774,1.1,13.98,0.2596,,2455133.7,0,68.14,F8 V,1.56,1.3,01h36m47.60s,24.1983534,+41d24m13.73s,41.4038147,13.4054,74.5711,3.98687,633.8786594351017
914,ups And d,ups And,Radial Velocity,0,1276.46,2.51329,1.11,10.25,0.2987,,2453360.6,0,56.26,F8 V,1.56,1.3,01h36m47.60s,24.1983534,+41d24m13.73s,41.4038147,13.4054,74.5711,3.98687,1411.14936963919
